name,email,date_of_birth,mobile_no,first_name,last_name,no_name,date_of_birth_clean,above_18,mobile_validation,age_validation,email_validation,Membership_ID
Patty Smith,Patty_Smith@ross.com,27-08-1975,59428759,Patty,Smith,False,19750827,True,True,True,True,Smith_c7677
Sean Wang DDS,Sean_Wang@gibson-calderon.com,1960-03-11,25595367,Sean Wang,DDS,False,19600311,True,True,True,True,DDS_04168
Richard Estrada,Richard_Estrada@malone.com,1992/10/15,22821527,Richard,Estrada,False,19921015,True,True,True,True,Estrada_0bf5b
Jackson Cline,Jackson_Cline@hudson.net,1971-01-21,48056519,Jackson,Cline,False,19710121,True,True,True,True,Cline_825fb
Allen Williams,Allen_Williams@sanchez.net,1997/11/09,77991519,Allen,Williams,False,19971109,True,True,True,True,Williams_3e726
Eric Flores,Eric_Flores@dillon-patterson.com,01-07-1982,36641663,Eric,Flores,False,19820701,True,True,True,True,Flores_8a42c
Anna Richardson,Anna_Richardson@perry.com,1967-02-23,64083047,Anna,Richardson,False,19670223,True,True,True,True,Richardson_ef158
Taylor Gomez,Taylor_Gomez@johnston.com,1982-10-22,24007567,Taylor,Gomez,False,19821022,True,True,True,True,Gomez_876bf
Jeremy Rodriguez,Jeremy_Rodriguez@roth.com,1978-08-28,32567967,Jeremy,Rodriguez,False,19780828,True,True,True,True,Rodriguez_93ac7
April Garcia,April_Garcia@hall.com,1987-12-31,24650447,April,Garcia,False,19871231,True,True,True,True,Garcia_26b55
Sharon Garza,Sharon_Garza@duran.com,30-08-2002,59411567,Sharon,Garza,False,20020830,True,True,True,True,Garza_40199
Lori Sanchez,Lori_Sanchez@hardin-warner.net,1998/04/20,76989167,Lori,Sanchez,False,19980420,True,True,True,True,Sanchez_364a7
Jason Armstrong,Jason_Armstrong@curtis.com,1992-11-16,68514503,Jason,Armstrong,False,19921116,True,True,True,True,Armstrong_e2fb8
Jessica Allison,Jessica_Allison@harper.com,1972/10/30,66821135,Jessica,Allison,False,19721030,True,True,True,True,Allison_0c21b
Arthur Hall MD,Arthur_Hall@gonzalez.com,03-11-1994,65493407,Arthur Hall,MD,False,19941103,True,True,True,True,MD_b302a
Sherry Meza,Sherry_Meza@west.com,04-09-1997,33491119,Sherry,Meza,False,19970904,True,True,True,True,Meza_af7be
Matthew Turner,Matthew_Turner@martinez.com,1994/07/07,73291455,Matthew,Turner,False,19940707,True,True,True,True,Turner_0303a
Sophia Randolph,Sophia_Randolph@leonard-ramirez.com,1950-08-07,94510479,Sophia,Randolph,False,19500807,True,True,True,True,Randolph_76c7a
Dr. Samuel Thompson,Samuel_Thompson@sanchez-carroll.com,03-04-1984,99063183,Samuel,Thompson,False,19840403,True,True,True,True,Thompson_16040
Zachary Lee,Zachary_Lee@smith.com,1987/07/04,36447751,Zachary,Lee,False,19870704,True,True,True,True,Lee_76cce
Kara Pittman,Kara_Pittman@gomez-vaughn.com,25-05-1968,80502567,Kara,Pittman,False,19680525,True,True,True,True,Pittman_44c4d
Gabriella Anthony,Gabriella_Anthony@castro.com,1997-01-06,89108943,Gabriella,Anthony,False,19970106,True,True,True,True,Anthony_ebd30
Misty Cantrell,Misty_Cantrell@flores-decker.com,1957-03-03,79619831,Misty,Cantrell,False,19570303,True,True,True,True,Cantrell_b19eb
Kelly Guerrero,Kelly_Guerrero@riggs.com,1997/02/03,53052583,Kelly,Guerrero,False,19970203,True,True,True,True,Guerrero_d55cb
David Nichols,David_Nichols@rocha.com,19-08-1962,62269575,David,Nichols,False,19620819,True,True,True,True,Nichols_9226a
Shawn Galloway,Shawn_Galloway@johnston.com,1985/04/19,17471367,Shawn,Galloway,False,19850419,True,True,True,True,Galloway_1a4d2
Dennis Sanford,Dennis_Sanford@lopez-archer.com,1980/08/06,88084407,Dennis,Sanford,False,19800806,True,True,True,True,Sanford_c7e24
Amanda Murphy,Amanda_Murphy@bright-gibbs.net,2000/07/30,30501351,Amanda,Murphy,False,20000730,True,True,True,True,Murphy_0851c
Bobby Martin,Bobby_Martin@jackson.com,31-03-2000,43871143,Bobby,Martin,False,20000331,True,True,True,True,Martin_35f44
Vernon Bishop,Vernon_Bishop@clark-larson.com,1973/07/10,78396487,Vernon,Bishop,False,19730710,True,True,True,True,Bishop_b0506
Phillip Meyers,Phillip_Meyers@mcneil-williams.com,22-10-1960,95409119,Phillip,Meyers,False,19601022,True,True,True,True,Meyers_2871d
Robert Martin,Robert_Martin@crawford.com,18-07-1950,78547615,Robert,Martin,False,19500718,True,True,True,True,Martin_6f48d
William Taylor,William_Taylor@warner-morgan.net,1986-01-31,42996791,William,Taylor,False,19860131,True,True,True,True,Taylor_4fbc5
Michael Brady,Michael_Brady@wells-sanders.com,1950-03-23,65342263,Michael,Brady,False,19500323,True,True,True,True,Brady_bd431
James Rhodes,James_Rhodes@green.com,10-10-1977,27465295,James,Rhodes,False,19771010,True,True,True,True,Rhodes_df266
Ryan Ramirez,Ryan_Ramirez@pham.com,25-04-1985,67907071,Ryan,Ramirez,False,19850425,True,True,True,True,Ramirez_5ff32
Stephen Thompson,Stephen_Thompson@hess.com,1951/11/12,75033031,Stephen,Thompson,False,19511112,True,True,True,True,Thompson_52cd0
Susan Williams,Susan_Williams@rowland.com,12-05-1976,95688383,Susan,Williams,False,19760512,True,True,True,True,Williams_446e0
Dylan Johnson,Dylan_Johnson@montgomery.com,1996/01/07,52048815,Dylan,Johnson,False,19960107,True,True,True,True,Johnson_d53b7
Pamela King,Pamela_King@soto.net,1993/09/29,72515095,Pamela,King,False,19930929,True,True,True,True,King_01148
Robert Smith,Robert_Smith@joyce.com,1987-04-24,76366335,Robert,Smith,False,19870424,True,True,True,True,Smith_634dd
Samantha Gonzalez,Samantha_Gonzalez@rios-fletcher.com,1998/08/29,40456647,Samantha,Gonzalez,False,19980829,True,True,True,True,Gonzalez_31e9a
Jeffery Walker,Jeffery_Walker@watson.com,1956-06-24,46574799,Jeffery,Walker,False,19560624,True,True,True,True,Walker_ba5b7
Todd Alvarez,Todd_Alvarez@vaughn.com,25-11-1974,42011263,Todd,Alvarez,False,19741125,True,True,True,True,Alvarez_7bc5d
Brett Willis,Brett_Willis@gibbs.com,1961-09-08,86342007,Brett,Willis,False,19610908,True,True,True,True,Willis_d0046
Kristin Wilkins,Kristin_Wilkins@harvey.com,2002/05/11,84393855,Kristin,Wilkins,False,20020511,True,True,True,True,Wilkins_48a0a
Joshua Lynch,Joshua_Lynch@daniels.com,26-05-1965,71572839,Joshua,Lynch,False,19650526,True,True,True,True,Lynch_49515
Deborah Williams,Deborah_Williams@howard.com,1984/11/21,11357647,Deborah,Williams,False,19841121,True,True,True,True,Williams_e69d3
Sarah Bright,Sarah_Bright@winters.com,15-11-1998,24327743,Sarah,Bright,False,19981115,True,True,True,True,Bright_776f9
Rebecca Anderson,Rebecca_Anderson@carter-ramirez.com,1973/08/27,27023231,Rebecca,Anderson,False,19730827,True,True,True,True,Anderson_48071
Roger Frost,Roger_Frost@cole-robinson.com,17-02-1970,94120431,Roger,Frost,False,19700217,True,True,True,True,Frost_5ba4a
Eric Dunn,Eric_Dunn@reese.com,12-07-1960,13714207,Eric,Dunn,False,19600712,True,True,True,True,Dunn_ae8e6
Heather Pierce,Heather_Pierce@williams-edwards.com,1957/08/13,32413999,Heather,Pierce,False,19570813,True,True,True,True,Pierce_1096d
Jordan Erickson,Jordan_Erickson@martinez.com,1975-08-02,64756655,Jordan,Erickson,False,19750802,True,True,True,True,Erickson_6b984
Susan Ali,Susan_Ali@leach.com,1999-01-05,74229143,Susan,Ali,False,19990105,True,True,True,True,Ali_f361f
Richard Wilson,Richard_Wilson@hernandez.com,1999-07-03,36349175,Richard,Wilson,False,19990703,True,True,True,True,Wilson_f0626
Jon Butler,Jon_Butler@blackwell.com,1987/03/18,78121695,Jon,Butler,False,19870318,True,True,True,True,Butler_a60e8
Paul Phillips,Paul_Phillips@vance.com,1997/02/16,11213063,Paul,Phillips,False,19970216,True,True,True,True,Phillips_01acd
Adam Parker,Adam_Parker@yoder.com,22-07-1998,27783391,Adam,Parker,False,19980722,True,True,True,True,Parker_5ebc0
Cory Walker,Cory_Walker@torres.net,1962-12-08,37614935,Cory,Walker,False,19621208,True,True,True,True,Walker_a21be
Jeffrey Sanchez,Jeffrey_Sanchez@jones-butler.com,14-09-1995,73226919,Jeffrey,Sanchez,False,19950914,True,True,True,True,Sanchez_cf3c9
Bianca Martin,Bianca_Martin@mitchell.com,1978/02/05,86924127,Bianca,Martin,False,19780205,True,True,True,True,Martin_7bf56
Jeffrey King,Jeffrey_King@hicks-boyd.com,1977/06/23,68622991,Jeffrey,King,False,19770623,True,True,True,True,King_2f8a4
Melanie Wiggins,Melanie_Wiggins@mcdonald-rice.com,2000/02/14,91699615,Melanie,Wiggins,False,20000214,True,True,True,True,Wiggins_c46e0
Mr. Daniel Smith,Daniel_Smith@cummings.com,1986-03-08,26613823,Daniel,Smith,False,19860308,True,True,True,True,Smith_e0b77
Scott Lawrence,Scott_Lawrence@aguilar.com,1976-01-04,59217375,Scott,Lawrence,False,19760104,True,True,True,True,Lawrence_fbccd
James Sosa,James_Sosa@robles-hawkins.com,08-11-1957,47053447,James,Sosa,False,19571108,True,True,True,True,Sosa_8de3e
Jamie Jackson,Jamie_Jackson@carr.com,26-05-1977,71512687,Jamie,Jackson,False,19770526,True,True,True,True,Jackson_b5943
Jeffrey Hatfield,Jeffrey_Hatfield@morgan-erickson.com,1970-10-14,69441735,Jeffrey,Hatfield,False,19701014,True,True,True,True,Hatfield_bf691
James Phillips,James_Phillips@green-taylor.com,1961-10-19,89808183,James,Phillips,False,19611019,True,True,True,True,Phillips_c68d2
Jessica Moore,Jessica_Moore@harrison-bautista.com,09-05-1999,27155335,Jessica,Moore,False,19990509,True,True,True,True,Moore_6e3b7
Richard Anderson,Richard_Anderson@peck-franklin.com,1970-04-05,24730327,Richard,Anderson,False,19700405,True,True,True,True,Anderson_6c12a
Lauren Hahn,Lauren_Hahn@simmons.com,1972-06-20,15132727,Lauren,Hahn,False,19720620,True,True,True,True,Hahn_38908
Faith Edwards,Faith_Edwards@price.net,1977-07-26,44653063,Faith,Edwards,False,19770726,True,True,True,True,Edwards_96edd
Laura Vargas,Laura_Vargas@gallagher-young.com,09-10-1977,40816943,Laura,Vargas,False,19771009,True,True,True,True,Vargas_0365e
Sarah Lewis,Sarah_Lewis@wyatt.com,1981-02-25,37945839,Sarah,Lewis,False,19810225,True,True,True,True,Lewis_f236b
Brad Huff,Brad_Huff@moore.com,1961-12-27,28207575,Brad,Huff,False,19611227,True,True,True,True,Huff_88806
Alexander Richardson,Alexander_Richardson@perez.com,25-10-1958,34675335,Alexander,Richardson,False,19581025,True,True,True,True,Richardson_e102e
Joseph Howard,Joseph_Howard@williams.com,1952/07/26,46746383,Joseph,Howard,False,19520726,True,True,True,True,Howard_99bdb
Anne Richards,Anne_Richards@mccarthy.com,06-09-1969,84963423,Anne,Richards,False,19690906,True,True,True,True,Richards_9e514
Derek Thomas,Derek_Thomas@green.com,1964-07-24,37329863,Derek,Thomas,False,19640724,True,True,True,True,Thomas_a6b2a
Joseph Bonilla,Joseph_Bonilla@freeman.com,1974/05/08,66912183,Joseph,Bonilla,False,19740508,True,True,True,True,Bonilla_07c60
Gary Barber,Gary_Barber@roberts.net,1955/11/12,44790343,Gary,Barber,False,19551112,True,True,True,True,Barber_8e448
Brian Johnson,Brian_Johnson@carr.com,1981/06/17,76631695,Brian,Johnson,False,19810617,True,True,True,True,Johnson_01409
Christine Peterson,Christine_Peterson@hamilton.com,19-11-1974,57627175,Christine,Peterson,False,19741119,True,True,True,True,Peterson_d3043
Christopher Bautista,Christopher_Bautista@rodgers.com,02-12-1994,48834663,Christopher,Bautista,False,19941202,True,True,True,True,Bautista_f2b74
Barbara Krueger,Barbara_Krueger@strong.com,1952/03/22,30905343,Barbara,Krueger,False,19520322,True,True,True,True,Krueger_f41b0
Monica Oconnor,Monica_Oconnor@gordon.com,01-07-1980,97887295,Monica,Oconnor,False,19800701,True,True,True,True,Oconnor_efac7
Peggy Johnson,Peggy_Johnson@berg.com,28-03-1972,34795631,Peggy,Johnson,False,19720328,True,True,True,True,Johnson_317e0
Susan Herrera,Susan_Herrera@gomez.com,1955/08/26,24027735,Susan,Herrera,False,19550826,True,True,True,True,Herrera_2275e
Andrew Matthews,Andrew_Matthews@ramos-vaughn.com,1988-02-19,90821359,Andrew,Matthews,False,19880219,True,True,True,True,Matthews_33105
Erin Kennedy,Erin_Kennedy@hendricks-mason.com,1965/01/09,35865639,Erin,Kennedy,False,19650109,True,True,True,True,Kennedy_e1e07
Jason Lopez,Jason_Lopez@wood-hill.com,30-08-1974,11287127,Jason,Lopez,False,19740830,True,True,True,True,Lopez_ad64b
Jerry Clark,Jerry_Clark@perez.com,28-09-1995,46859655,Jerry,Clark,False,19950928,True,True,True,True,Clark_850e2
Alyssa Kim,Alyssa_Kim@beck-zuniga.com,11-08-1990,59732335,Alyssa,Kim,False,19900811,True,True,True,True,Kim_bc531
Courtney Williams,Courtney_Williams@garner.com,1999-09-19,27598999,Courtney,Williams,False,19990919,True,True,True,True,Williams_225d6
Matthew Nelson,Matthew_Nelson@hunt.com,1958-01-27,45515247,Matthew,Nelson,False,19580127,True,True,True,True,Nelson_49b51
Robert Moore,Robert_Moore@young.com,1955-04-15,19512199,Robert,Moore,False,19550415,True,True,True,True,Moore_bd6b1
Nicole Mcgee,Nicole_Mcgee@reyes.com,1959/03/03,34539135,Nicole,Mcgee,False,19590303,True,True,True,True,Mcgee_84007
Danielle Hunter,Danielle_Hunter@ballard.com,1971/08/11,99947039,Danielle,Hunter,False,19710811,True,True,True,True,Hunter_c76d0
Kelly Perez,Kelly_Perez@ward-wilson.com,1960-05-19,60614735,Kelly,Perez,False,19600519,True,True,True,True,Perez_016c7
Mary Odom,Mary_Odom@morgan-reynolds.com,1963-08-13,98738367,Mary,Odom,False,19630813,True,True,True,True,Odom_e8796
Arthur Gibson II,Arthur_Gibson@thompson-thompson.com,03-06-1961,75411807,Arthur Gibson,II,False,19610603,True,True,True,True,II_a7c50
Christopher Miller,Christopher_Miller@kelly.com,1985-01-31,16222031,Christopher,Miller,False,19850131,True,True,True,True,Miller_5a80b
Amber Hopkins,Amber_Hopkins@hall.com,1975-08-31,15289039,Amber,Hopkins,False,19750831,True,True,True,True,Hopkins_7c2f6
Nancy Garcia,Nancy_Garcia@lewis-hayden.com,1968-03-05,62971303,Nancy,Garcia,False,19680305,True,True,True,True,Garcia_76b84
Alex Rhodes,Alex_Rhodes@russell.net,1978/09/13,75808519,Alex,Rhodes,False,19780913,True,True,True,True,Rhodes_a5121
Daniel Bennett,Daniel_Bennett@stephens-oneill.com,1973/02/28,20776023,Daniel,Bennett,False,19730228,True,True,True,True,Bennett_1ed65
Kevin Woodard,Kevin_Woodard@lynch.com,1955/08/09,30319911,Kevin,Woodard,False,19550809,True,True,True,True,Woodard_0dee6
Alan Peterson,Alan_Peterson@burch.com,1976-01-29,88993663,Alan,Peterson,False,19760129,True,True,True,True,Peterson_9e709
Jacob Grant,Jacob_Grant@cummings.com,1991-12-04,94196575,Jacob,Grant,False,19911204,True,True,True,True,Grant_46694
Gabrielle Johnson,Gabrielle_Johnson@serrano.com,06-10-1958,35424207,Gabrielle,Johnson,False,19581006,True,True,True,True,Johnson_fcba1
Caleb Morales,Caleb_Morales@collins.com,1966-03-29,69459679,Caleb,Morales,False,19660329,True,True,True,True,Morales_0598c
James Dominguez,James_Dominguez@black.com,1988-12-05,49527207,James,Dominguez,False,19881205,True,True,True,True,Dominguez_e2663
Kathryn Cardenas,Kathryn_Cardenas@skinner.com,1983-05-08,81016239,Kathryn,Cardenas,False,19830508,True,True,True,True,Cardenas_35ae4
Jeffrey Santiago,Jeffrey_Santiago@duncan.com,1975-02-28,93827623,Jeffrey,Santiago,False,19750228,True,True,True,True,Santiago_5cbec
Andrew Mclaughlin,Andrew_Mclaughlin@fitzpatrick-lucas.com,1973/05/14,66417719,Andrew,Mclaughlin,False,19730514,True,True,True,True,Mclaughlin_b2423
Mr. Bryan Porter,Bryan_Porter@elliott.com,1957/02/14,88089671,Bryan,Porter,False,19570214,True,True,True,True,Porter_e9e42
Brendan Smith,Brendan_Smith@williams.com,1958/05/16,67839775,Brendan,Smith,False,19580516,True,True,True,True,Smith_750a9
Jeffrey Hernandez,Jeffrey_Hernandez@mcdaniel.com,1989/12/31,76263607,Jeffrey,Hernandez,False,19891231,True,True,True,True,Hernandez_f3251
Michael Miller,Michael_Miller@taylor-moore.com,20-05-1964,17581687,Michael,Miller,False,19640520,True,True,True,True,Miller_375ad
Theresa Newman,Theresa_Newman@perry-scott.com,1994-11-29,36575799,Theresa,Newman,False,19941129,True,True,True,True,Newman_069d1
Paul Romero,Paul_Romero@middleton-jones.com,1960/10/07,98843943,Paul,Romero,False,19601007,True,True,True,True,Romero_7ffde
Janet Choi MD,Janet_Choi@neal.com,1986/07/18,66675695,Janet Choi,MD,False,19860718,True,True,True,True,MD_e37de
Mark Bender,Mark_Bender@oneal-wilkins.com,1969-09-11,27354911,Mark,Bender,False,19690911,True,True,True,True,Bender_b8ade
Abigail Brown,Abigail_Brown@jones-underwood.com,08-10-1980,15726143,Abigail,Brown,False,19801008,True,True,True,True,Brown_b08b0
Antonio Dominguez,Antonio_Dominguez@nichols.com,15-11-1980,75861007,Antonio,Dominguez,False,19801115,True,True,True,True,Dominguez_821d7
Tony Morris,Tony_Morris@davis.com,1970-08-05,33280551,Tony,Morris,False,19700805,True,True,True,True,Morris_1057d
Randy Carlson,Randy_Carlson@rivera.com,30-05-1955,51211679,Randy,Carlson,False,19550530,True,True,True,True,Carlson_d8db2
Mitchell Pierce,Mitchell_Pierce@houston-conway.net,2001-08-24,96845551,Mitchell,Pierce,False,20010824,True,True,True,True,Pierce_7e42c
Angela West,Angela_West@anderson-fitzgerald.com,1981-04-27,59397207,Angela,West,False,19810427,True,True,True,True,West_0afba
Kevin Peters,Kevin_Peters@edwards.com,06-02-1967,28855487,Kevin,Peters,False,19670206,True,True,True,True,Peters_c9aea
Benjamin Conway,Benjamin_Conway@burton-paul.com,1955/12/28,23338319,Benjamin,Conway,False,19551228,True,True,True,True,Conway_b14b9
Andrew Stewart,Andrew_Stewart@wong.com,12-02-1951,19799879,Andrew,Stewart,False,19510212,True,True,True,True,Stewart_5a9fe
Brenda Jones,Brenda_Jones@lang.com,1955/08/04,62608823,Brenda,Jones,False,19550804,True,True,True,True,Jones_e27fe
Elizabeth Bailey,Elizabeth_Bailey@stephenson-arnold.com,1963-01-01,20218071,Elizabeth,Bailey,False,19630101,True,True,True,True,Bailey_5c8a5
Kelly Levy,Kelly_Levy@barajas.com,08-05-1994,74468255,Kelly,Levy,False,19940508,True,True,True,True,Levy_b4299
Thomas Burton,Thomas_Burton@dunn-avery.net,1975-04-19,14613071,Thomas,Burton,False,19750419,True,True,True,True,Burton_e624b
Paul Peterson,Paul_Peterson@bullock.com,2002/12/25,59148863,Paul,Peterson,False,20021225,True,True,True,True,Peterson_c41f4
Michael Reilly,Michael_Reilly@cooper.net,1972/05/14,33876967,Michael,Reilly,False,19720514,True,True,True,True,Reilly_1c829
Alejandra Martinez,Alejandra_Martinez@jones.com,21-12-1979,87381327,Alejandra,Martinez,False,19791221,True,True,True,True,Martinez_d6f6b
Timothy Sanders,Timothy_Sanders@harrell.com,1952-10-03,63453583,Timothy,Sanders,False,19521003,True,True,True,True,Sanders_e813f
Latoya Little,Latoya_Little@martinez.com,07-08-1978,43404335,Latoya,Little,False,19780807,True,True,True,True,Little_c16bd
Sarah Harvey,Sarah_Harvey@martin-smith.com,31-03-1960,58520471,Sarah,Harvey,False,19600331,True,True,True,True,Harvey_119d2
Melissa Ortiz,Melissa_Ortiz@lee-malone.com,1958-07-29,49637727,Melissa,Ortiz,False,19580729,True,True,True,True,Ortiz_84be0
Brooke Hernandez,Brooke_Hernandez@benitez.com,14-11-1991,97309975,Brooke,Hernandez,False,19911114,True,True,True,True,Hernandez_bcb5b
Lisa Livingston,Lisa_Livingston@glover.com,1950-04-23,20519415,Lisa,Livingston,False,19500423,True,True,True,True,Livingston_19295
Eugene Mason,Eugene_Mason@gardner.com,1978/12/13,47810855,Eugene,Mason,False,19781213,True,True,True,True,Mason_6bc9b
Daniel Cunningham,Daniel_Cunningham@cooper.com,1973/03/26,78657983,Daniel,Cunningham,False,19730326,True,True,True,True,Cunningham_12799
Alex Smith,Alex_Smith@johnson.com,2002/05/03,58965703,Alex,Smith,False,20020503,True,True,True,True,Smith_894dd
Jessica Vargas,Jessica_Vargas@miller-price.net,1981-05-17,48925903,Jessica,Vargas,False,19810517,True,True,True,True,Vargas_ed53f
Olivia Clark,Olivia_Clark@wade-roberson.com,1974/10/01,67793735,Olivia,Clark,False,19741001,True,True,True,True,Clark_92a9e
Cathy Carney,Cathy_Carney@williams.net,1997/05/22,31104151,Cathy,Carney,False,19970522,True,True,True,True,Carney_0d73a
Haley Baldwin,Haley_Baldwin@bush-wolfe.com,13-04-1965,31940631,Haley,Baldwin,False,19650413,True,True,True,True,Baldwin_b3439
Alexander Wilson,Alexander_Wilson@barron-garcia.com,1988-11-11,13893319,Alexander,Wilson,False,19881111,True,True,True,True,Wilson_51998
April Cole,April_Cole@vargas.com,1961-06-22,65186503,April,Cole,False,19610622,True,True,True,True,Cole_2b0a2
Holly Riley,Holly_Riley@stokes.com,1974/07/28,55620431,Holly,Riley,False,19740728,True,True,True,True,Riley_3e1f8
Jeffrey Poole,Jeffrey_Poole@cross.com,1957-02-04,82077439,Jeffrey,Poole,False,19570204,True,True,True,True,Poole_23f28
Rachel Poole,Rachel_Poole@jones.net,08-07-1976,35095087,Rachel,Poole,False,19760708,True,True,True,True,Poole_c5b79
Sheena Ward,Sheena_Ward@wilson-mcbride.com,26-09-1973,96834175,Sheena,Ward,False,19730926,True,True,True,True,Ward_57d0c
Cynthia Smith,Cynthia_Smith@smith.com,05-09-1951,48760255,Cynthia,Smith,False,19510905,True,True,True,True,Smith_9f8dc
Kevin Clayton,Kevin_Clayton@miller.com,08-07-1975,25081071,Kevin,Clayton,False,19750708,True,True,True,True,Clayton_7f5be
Sarah Coleman,Sarah_Coleman@novak.com,1950/01/19,37411775,Sarah,Coleman,False,19500119,True,True,True,True,Coleman_db259
Cody Becker,Cody_Becker@hansen.com,1960/12/16,76003567,Cody,Becker,False,19601216,True,True,True,True,Becker_dd317
Miss Molly Miller,Molly_Miller@king-kelly.net,05-11-1977,99947663,Miss Molly,Miller,False,19771105,True,True,True,True,Miller_4ae09
Craig Bailey,Craig_Bailey@hancock-brown.com,1997-07-13,33032303,Craig,Bailey,False,19970713,True,True,True,True,Bailey_fac5d
Patricia Gray,Patricia_Gray@dawson.com,1966/03/19,18281751,Patricia,Gray,False,19660319,True,True,True,True,Gray_00c0a
Robert Rivera DVM,Robert_Rivera@gibson.com,22-07-1950,35020847,Robert Rivera,DVM,False,19500722,True,True,True,True,DVM_6a7ce
Miss Michelle Lewis,Michelle_Lewis@wiggins-thornton.com,1983-01-21,64700455,Miss Michelle,Lewis,False,19830121,True,True,True,True,Lewis_afe1c
John Owens,John_Owens@callahan.com,24-04-1967,71230983,John,Owens,False,19670424,True,True,True,True,Owens_4cd37
Sarah Smith,Sarah_Smith@kirk.com,1968/08/04,22702359,Sarah,Smith,False,19680804,True,True,True,True,Smith_313dd
Nancy Lucas,Nancy_Lucas@aguilar.com,06-07-1983,91477863,Nancy,Lucas,False,19830706,True,True,True,True,Lucas_94653
Christina Murray,Christina_Murray@collins-day.com,17-12-1979,35027583,Christina,Murray,False,19791217,True,True,True,True,Murray_a46c7
Emma Berry,Emma_Berry@charles.com,1994/01/07,34612959,Emma,Berry,False,19940107,True,True,True,True,Berry_c02ad
Jason Hawkins,Jason_Hawkins@adams-hunter.com,1954-10-01,31750255,Jason,Hawkins,False,19541001,True,True,True,True,Hawkins_8aa4f
Jeffrey Rodriguez,Jeffrey_Rodriguez@johnson-white.com,1969-07-18,29947599,Jeffrey,Rodriguez,False,19690718,True,True,True,True,Rodriguez_84bf3
Christina Miller,Christina_Miller@marshall-lucas.com,1953/04/25,92153503,Christina,Miller,False,19530425,True,True,True,True,Miller_84bb3
Maria Miller,Maria_Miller@roberts.com,1994/12/21,86317751,Maria,Miller,False,19941221,True,True,True,True,Miller_208dd
Eileen Davis,Eileen_Davis@knox.com,04-04-1952,19544735,Eileen,Davis,False,19520404,True,True,True,True,Davis_3a81f
Harry Miller,Harry_Miller@warner-jackson.com,13-06-1989,63478047,Harry,Miller,False,19890613,True,True,True,True,Miller_4e2a7
Ellen Montes,Ellen_Montes@sellers.com,14-07-1961,16519759,Ellen,Montes,False,19610714,True,True,True,True,Montes_29eaa
Gregory Mclean,Gregory_Mclean@valencia.com,1961/08/01,38860951,Gregory,Mclean,False,19610801,True,True,True,True,Mclean_3b78d
Angela Spencer,Angela_Spencer@lopez.com,1998-05-02,18410783,Angela,Spencer,False,19980502,True,True,True,True,Spencer_071ed
Christina Price,Christina_Price@kennedy-tran.com,08-05-1986,65381695,Christina,Price,False,19860508,True,True,True,True,Price_fb35b
Amber Randall,Amber_Randall@boyd-freeman.net,1952-09-10,60506343,Amber,Randall,False,19520910,True,True,True,True,Randall_fe7f8
Matthew Morris,Matthew_Morris@boyle-novak.com,11-11-1998,49822607,Matthew,Morris,False,19981111,True,True,True,True,Morris_f9657
Cindy Blackburn,Cindy_Blackburn@bolton.net,2000-10-08,86098071,Cindy,Blackburn,False,20001008,True,True,True,True,Blackburn_0c5fb
Matthew Jacobson,Matthew_Jacobson@bishop-thomas.com,1951-04-12,99110191,Matthew,Jacobson,False,19510412,True,True,True,True,Jacobson_496c2
Stacy Jones,Stacy_Jones@perez.com,1994-09-09,71998399,Stacy,Jones,False,19940909,True,True,True,True,Jones_c6f5d
Scott Zimmerman,Scott_Zimmerman@fischer.com,30-01-1956,70071511,Scott,Zimmerman,False,19560130,True,True,True,True,Zimmerman_881d6
Dakota Silva,Dakota_Silva@barker-miller.com,10-07-1979,41853599,Dakota,Silva,False,19790710,True,True,True,True,Silva_fff90
Jacob Spencer MD,Jacob_Spencer@jefferson.net,26-02-1962,41992359,Jacob Spencer,MD,False,19620226,True,True,True,True,MD_d5b01
Matthew Oliver,Matthew_Oliver@mitchell.com,23-04-1972,14016935,Matthew,Oliver,False,19720423,True,True,True,True,Oliver_94edc
Roger Maddox,Roger_Maddox@richards.com,1981/04/26,86988519,Roger,Maddox,False,19810426,True,True,True,True,Maddox_6974f
Bryan Gutierrez,Bryan_Gutierrez@short-huerta.net,18-11-1988,84795039,Bryan,Gutierrez,False,19881118,True,True,True,True,Gutierrez_c61e8
Peter Schultz,Peter_Schultz@shah.com,1957-08-29,78301895,Peter,Schultz,False,19570829,True,True,True,True,Schultz_5fff4
Justin Burke,Justin_Burke@johnson.com,12-02-1996,43401655,Justin,Burke,False,19960212,True,True,True,True,Burke_a32e6
Sarah Ramsey,Sarah_Ramsey@hayes.com,22-06-1964,63376279,Sarah,Ramsey,False,19640622,True,True,True,True,Ramsey_4c3e8
Michael Chang,Michael_Chang@watkins.com,1990-02-09,99632783,Michael,Chang,False,19900209,True,True,True,True,Chang_e27c8
Pamela Hughes,Pamela_Hughes@rivas-garza.com,1957-01-16,32117783,Pamela,Hughes,False,19570116,True,True,True,True,Hughes_bf91b
Jimmy Morris,Jimmy_Morris@hall-watkins.com,20-01-1964,31836895,Jimmy,Morris,False,19640120,True,True,True,True,Morris_25892
Lauren Romero,Lauren_Romero@davis.com,25-04-2002,50100783,Lauren,Romero,False,20020425,True,True,True,True,Romero_e5750
Adam Jones,Adam_Jones@kline-reeves.com,1957-01-07,83246639,Adam,Jones,False,19570107,True,True,True,True,Jones_2b07e
Matthew Murphy,Matthew_Murphy@graham.com,1960/02/16,18189831,Matthew,Murphy,False,19600216,True,True,True,True,Murphy_5dc4e
Jessica Arroyo,Jessica_Arroyo@flores-evans.com,2002/10/19,24971015,Jessica,Arroyo,False,20021019,True,True,True,True,Arroyo_a6982
Caleb Zuniga,Caleb_Zuniga@stone.net,1968/10/28,36180711,Caleb,Zuniga,False,19681028,True,True,True,True,Zuniga_a2d94
Cheyenne Moreno,Cheyenne_Moreno@hampton.com,1960/09/12,61341887,Cheyenne,Moreno,False,19600912,True,True,True,True,Moreno_8048c
Courtney Lopez,Courtney_Lopez@sanders.com,1971-08-10,35323391,Courtney,Lopez,False,19710810,True,True,True,True,Lopez_93fe3
Kenneth Williamson,Kenneth_Williamson@perez.com,10-03-1954,36169599,Kenneth,Williamson,False,19540310,True,True,True,True,Williamson_2b72a
Bruce Browning,Bruce_Browning@robertson-baldwin.com,1963/11/13,22984503,Bruce,Browning,False,19631113,True,True,True,True,Browning_1f631
Shannon Gilbert,Shannon_Gilbert@brown-schaefer.com,1992-06-13,34472903,Shannon,Gilbert,False,19920613,True,True,True,True,Gilbert_cba39
Amanda Brown,Amanda_Brown@williams.com,18-12-1954,52400391,Amanda,Brown,False,19541218,True,True,True,True,Brown_cde99
Riley Gomez,Riley_Gomez@hoffman.com,1981/02/11,20838807,Riley,Gomez,False,19810211,True,True,True,True,Gomez_010a6
Shelby Price,Shelby_Price@fuller.net,1986/08/07,74350543,Shelby,Price,False,19860807,True,True,True,True,Price_e8f96
Scott Harris,Scott_Harris@mullins.com,1990-12-14,36307567,Scott,Harris,False,19901214,True,True,True,True,Harris_fc222
Bonnie Franklin,Bonnie_Franklin@gillespie.com,1988-07-14,22008807,Bonnie,Franklin,False,19880714,True,True,True,True,Franklin_f8d94
Ashley Morris,Ashley_Morris@marshall.net,2002-10-01,13085855,Ashley,Morris,False,20021001,True,True,True,True,Morris_73a97
Jack Jensen,Jack_Jensen@kent-williamson.net,1960-12-29,93571087,Jack,Jensen,False,19601229,True,True,True,True,Jensen_676e2
Daniel Armstrong,Daniel_Armstrong@brown.com,1982/07/14,18991247,Daniel,Armstrong,False,19820714,True,True,True,True,Armstrong_f79a4
Susan Donovan,Susan_Donovan@jordan-anderson.com,30-01-1969,85222335,Susan,Donovan,False,19690130,True,True,True,True,Donovan_6c619
Michael Powell,Michael_Powell@mccall.com,1994/11/27,63894311,Michael,Powell,False,19941127,True,True,True,True,Powell_4f74d
Alexander Lowe,Alexander_Lowe@morris.com,1961/05/08,93074023,Alexander,Lowe,False,19610508,True,True,True,True,Lowe_73be1
Aaron Wilson,Aaron_Wilson@burke-benton.net,17-05-1987,75053391,Aaron,Wilson,False,19870517,True,True,True,True,Wilson_6845c
Samuel Lee,Samuel_Lee@gardner-rodriguez.net,1974/09/02,57636831,Samuel,Lee,False,19740902,True,True,True,True,Lee_d3d5c
Jennifer Weaver,Jennifer_Weaver@patterson.com,15-10-1978,74152151,Jennifer,Weaver,False,19781015,True,True,True,True,Weaver_feb81
Leonard Hamilton,Leonard_Hamilton@brown.com,1988-02-29,76082775,Leonard,Hamilton,False,19880229,True,True,True,True,Hamilton_f2276
Kathy Phillips,Kathy_Phillips@floyd.com,16-12-1984,57829247,Kathy,Phillips,False,19841216,True,True,True,True,Phillips_608c9
Jennifer Jimenez,Jennifer_Jimenez@morgan.com,1992-11-21,59592559,Jennifer,Jimenez,False,19921121,True,True,True,True,Jimenez_5ed59
Victoria Lawson,Victoria_Lawson@snyder.com,12-04-1954,24045823,Victoria,Lawson,False,19540412,True,True,True,True,Lawson_6d37f
Michael Martinez,Michael_Martinez@hogan.net,1952/11/07,40271975,Michael,Martinez,False,19521107,True,True,True,True,Martinez_bc0fc
Dr. Paul Jones,Paul_Jones@clark-irwin.com,1994/02/15,91301999,Paul,Jones,False,19940215,True,True,True,True,Jones_f903f
Danielle Tran,Danielle_Tran@mann.com,1988-08-26,85246679,Danielle,Tran,False,19880826,True,True,True,True,Tran_40aaa
Marissa Jones,Marissa_Jones@lewis.net,1958/08/06,32094119,Marissa,Jones,False,19580806,True,True,True,True,Jones_cdd9f
Elijah Roy,Elijah_Roy@jones-baldwin.com,1987/07/05,57159015,Elijah,Roy,False,19870705,True,True,True,True,Roy_57ef7
Courtney Simpson,Courtney_Simpson@preston-cantrell.com,1973-11-03,77314887,Courtney,Simpson,False,19731103,True,True,True,True,Simpson_7383f
Kimberly Hopkins,Kimberly_Hopkins@adams.com,1993-10-22,67364511,Kimberly,Hopkins,False,19931022,True,True,True,True,Hopkins_56d12
William King,William_King@cline-allen.com,15-11-1984,21561215,William,King,False,19841115,True,True,True,True,King_4ae33
Stephanie Robertson,Stephanie_Robertson@owen-rodriguez.com,08-05-2002,75259367,Stephanie,Robertson,False,20020508,True,True,True,True,Robertson_e101e
Rickey Hill,Rickey_Hill@parker-cohen.com,1964-04-30,56465207,Rickey,Hill,False,19640430,True,True,True,True,Hill_bd6cc
Erika Stewart,Erika_Stewart@solis.com,26-12-1985,83552695,Erika,Stewart,False,19851226,True,True,True,True,Stewart_40f40
Christina Johnson,Christina_Johnson@clark.com,22-06-2001,30262983,Christina,Johnson,False,20010622,True,True,True,True,Johnson_5dcd5
Kelli Wells,Kelli_Wells@jones.com,1954-03-08,27406215,Kelli,Wells,False,19540308,True,True,True,True,Wells_5c2c0
Nathan Archer,Nathan_Archer@gray.com,1956/07/23,72954367,Nathan,Archer,False,19560723,True,True,True,True,Archer_c6232
Michael Kline,Michael_Kline@phelps-alvarez.com,23-06-1965,20968343,Michael,Kline,False,19650623,True,True,True,True,Kline_6fe75
Joshua Rodriguez,Joshua_Rodriguez@thornton-benitez.com,1953/03/17,27953967,Joshua,Rodriguez,False,19530317,True,True,True,True,Rodriguez_1eec6
James Rodriguez,James_Rodriguez@logan.com,1981/07/17,50981423,James,Rodriguez,False,19810717,True,True,True,True,Rodriguez_a7ea3
Robert Ortega,Robert_Ortega@perez.com,16-03-1960,57040695,Robert,Ortega,False,19600316,True,True,True,True,Ortega_7f647
Teresa Ruiz,Teresa_Ruiz@holmes.com,1951/09/04,22432447,Teresa,Ruiz,False,19510904,True,True,True,True,Ruiz_e89df
Madison Mejia,Madison_Mejia@sims.com,1953-03-23,73824679,Madison,Mejia,False,19530323,True,True,True,True,Mejia_10b0a
James Bailey,James_Bailey@flynn.net,10-07-1986,26146743,James,Bailey,False,19860710,True,True,True,True,Bailey_6dd20
Mary Perry,Mary_Perry@williams.net,1973-08-08,57879711,Mary,Perry,False,19730808,True,True,True,True,Perry_e8625
Crystal Jones,Crystal_Jones@webb.com,14-09-1962,39588047,Crystal,Jones,False,19620914,True,True,True,True,Jones_85733
Aaron Brown,Aaron_Brown@yates.com,1986-05-02,43815191,Aaron,Brown,False,19860502,True,True,True,True,Brown_9035e
Tanya Barajas,Tanya_Barajas@davis.com,1974-04-30,92793871,Tanya,Barajas,False,19740430,True,True,True,True,Barajas_c09f8
Samantha Rasmussen,Samantha_Rasmussen@stokes-leon.com,21-06-1994,26634223,Samantha,Rasmussen,False,19940621,True,True,True,True,Rasmussen_0fcc4
Vincent Martin,Vincent_Martin@wright-lee.com,1984/01/24,55457087,Vincent,Martin,False,19840124,True,True,True,True,Martin_92713
Tony Crawford,Tony_Crawford@moore.com,1987/08/18,15997263,Tony,Crawford,False,19870818,True,True,True,True,Crawford_a2a35
Randy Sullivan,Randy_Sullivan@perez.net,1961-10-25,15665967,Randy,Sullivan,False,19611025,True,True,True,True,Sullivan_7d828
Kimberly Thompson,Kimberly_Thompson@brewer-walters.net,12-11-2000,88531623,Kimberly,Thompson,False,20001112,True,True,True,True,Thompson_5e06b
Martin Compton,Martin_Compton@morgan.com,1984-06-02,42037887,Martin,Compton,False,19840602,True,True,True,True,Compton_395a9
Tracy Brown,Tracy_Brown@joyce.com,1972-08-23,26044711,Tracy,Brown,False,19720823,True,True,True,True,Brown_8baf8
Leslie Preston,Leslie_Preston@johns.com,05-10-1972,71892959,Leslie,Preston,False,19721005,True,True,True,True,Preston_b78bc
Jay Parker,Jay_Parker@fowler.net,30-09-1993,57583783,Jay,Parker,False,19930930,True,True,True,True,Parker_311d6
Lance Williams,Lance_Williams@williams.net,1973-08-07,19310567,Lance,Williams,False,19730807,True,True,True,True,Williams_44d67
Kathleen Allen,Kathleen_Allen@cook.com,1986/01/13,38829559,Kathleen,Allen,False,19860113,True,True,True,True,Allen_b02ca
Marie Lamb,Marie_Lamb@hampton.com,1979-04-10,26841263,Marie,Lamb,False,19790410,True,True,True,True,Lamb_5dc6d
Nathan Flores,Nathan_Flores@gibbs.net,04-09-1979,86883135,Nathan,Flores,False,19790904,True,True,True,True,Flores_b1169
Ashley Caldwell,Ashley_Caldwell@mason-bryant.com,1988/09/03,13420663,Ashley,Caldwell,False,19880903,True,True,True,True,Caldwell_aa013
Renee Martin,Renee_Martin@crawford-walker.com,21-04-1981,55803823,Renee,Martin,False,19810421,True,True,True,True,Martin_caab2
Keith Parker,Keith_Parker@moore.com,1964-08-26,40120471,Keith,Parker,False,19640826,True,True,True,True,Parker_0793e
Melissa Levy,Melissa_Levy@arroyo.com,1950/03/30,51842935,Melissa,Levy,False,19500330,True,True,True,True,Levy_bef91
Brandon Powell,Brandon_Powell@craig-gonzales.net,06-06-1976,43375815,Brandon,Powell,False,19760606,True,True,True,True,Powell_fe4b6
Kimberly Stone,Kimberly_Stone@murphy-bryant.com,1994-05-12,25323999,Kimberly,Stone,False,19940512,True,True,True,True,Stone_1d9aa
Adam Jones,Adam_Jones@ashley.com,16-03-1973,55082935,Adam,Jones,False,19730316,True,True,True,True,Jones_575ba
Elizabeth Andersen,Elizabeth_Andersen@baker.com,23-01-1974,69096535,Elizabeth,Andersen,False,19740123,True,True,True,True,Andersen_61066
Destiny Lutz,Destiny_Lutz@thompson-wright.com,04-12-1994,87853607,Destiny,Lutz,False,19941204,True,True,True,True,Lutz_6aa1c
Brandy Allen,Brandy_Allen@hardy-griffin.com,1981-01-13,92130799,Brandy,Allen,False,19810113,True,True,True,True,Allen_54dd1
Stephanie Decker,Stephanie_Decker@barrett.net,1977-09-05,92626639,Stephanie,Decker,False,19770905,True,True,True,True,Decker_0c2ca
Michelle Keller,Michelle_Keller@johnson.com,06-07-1951,56139711,Michelle,Keller,False,19510706,True,True,True,True,Keller_86f7a
Stacey Yates,Stacey_Yates@lewis.com,12-08-1992,30115967,Stacey,Yates,False,19920812,True,True,True,True,Yates_d9866
Sue Lee,Sue_Lee@rojas.com,1986/08/29,97367575,Sue,Lee,False,19860829,True,True,True,True,Lee_f9df7
Anna Long,Anna_Long@coleman.com,1974/03/16,52566967,Anna,Long,False,19740316,True,True,True,True,Long_850ab
Annette Watson,Annette_Watson@brown-brennan.com,1958/04/23,67851175,Annette,Watson,False,19580423,True,True,True,True,Watson_6dc0c
James Thomas,James_Thomas@torres.net,1952/05/09,58718239,James,Thomas,False,19520509,True,True,True,True,Thomas_6cc50
Kelli Olson,Kelli_Olson@campbell.net,1996-07-23,50265023,Kelli,Olson,False,19960723,True,True,True,True,Olson_50aa7
Becky Reid,Becky_Reid@vargas.net,1975/10/27,37025287,Becky,Reid,False,19751027,True,True,True,True,Reid_1bdd4
Wesley Shaw,Wesley_Shaw@henderson-gibson.com,1983-01-21,76819471,Wesley,Shaw,False,19830121,True,True,True,True,Shaw_afe1c
Pamela Boyd,Pamela_Boyd@freeman.com,1968/06/28,25030751,Pamela,Boyd,False,19680628,True,True,True,True,Boyd_94bd7
Jeremy Lewis,Jeremy_Lewis@murray.com,1953-01-07,44159519,Jeremy,Lewis,False,19530107,True,True,True,True,Lewis_644d9
Jennifer Garza,Jennifer_Garza@herrera-klein.com,1989-06-03,31999455,Jennifer,Garza,False,19890603,True,True,True,True,Garza_be6d1
Joseph Perry,Joseph_Perry@tucker.com,1951-06-16,16254071,Joseph,Perry,False,19510616,True,True,True,True,Perry_b530f
Heather Herman,Heather_Herman@williams-lindsey.com,1971/06/06,97877423,Heather,Herman,False,19710606,True,True,True,True,Herman_0ab62
Laura Lopez,Laura_Lopez@rodriguez.com,1990/12/21,72627367,Laura,Lopez,False,19901221,True,True,True,True,Lopez_ea347
Reginald Barnes,Reginald_Barnes@walker-robinson.com,1973-02-14,19884399,Reginald,Barnes,False,19730214,True,True,True,True,Barnes_f462c
Robert Weaver,Robert_Weaver@young-leonard.com,18-02-1982,39131199,Robert,Weaver,False,19820218,True,True,True,True,Weaver_201e1
Beth Martinez,Beth_Martinez@johnson.com,1968-12-25,87909191,Beth,Martinez,False,19681225,True,True,True,True,Martinez_204f4
Spencer Ware,Spencer_Ware@montgomery-lane.com,1980/10/09,74599951,Spencer,Ware,False,19801009,True,True,True,True,Ware_0b5e6
Willie Erickson,Willie_Erickson@bartlett.com,1991/01/10,53673855,Willie,Erickson,False,19910110,True,True,True,True,Erickson_3df9d
Daniel Nguyen,Daniel_Nguyen@mccall.com,1959/09/03,37673823,Daniel,Nguyen,False,19590903,True,True,True,True,Nguyen_6a5e7
Leonard Martinez,Leonard_Martinez@mcbride.com,1956-09-22,14452319,Leonard,Martinez,False,19560922,True,True,True,True,Martinez_7564a
Robert Stephens,Robert_Stephens@lopez.com,19-06-2000,92784815,Robert,Stephens,False,20000619,True,True,True,True,Stephens_5a6e3
Daniel Chen,Daniel_Chen@little.com,1952/07/16,46750383,Daniel,Chen,False,19520716,True,True,True,True,Chen_7d3b1
Samuel Dalton,Samuel_Dalton@marquez.com,1996-09-16,75194711,Samuel,Dalton,False,19960916,True,True,True,True,Dalton_32ce4
Heather Bennett,Heather_Bennett@hamilton-blair.com,2002/01/05,64795847,Heather,Bennett,False,20020105,True,True,True,True,Bennett_dcbc8
Joshua King,Joshua_King@hale.net,01-06-2000,99342223,Joshua,King,False,20000601,True,True,True,True,King_f3369
Crystal Blake,Crystal_Blake@parker.com,17-11-1970,97878511,Crystal,Blake,False,19701117,True,True,True,True,Blake_e7660
Amanda Evans,Amanda_Evans@cox.com,1959-02-24,92559519,Amanda,Evans,False,19590224,True,True,True,True,Evans_62a52
Sergio Day,Sergio_Day@guzman-garrett.com,1951-05-31,27091295,Sergio,Day,False,19510531,True,True,True,True,Day_69b70
Julie Boyd,Julie_Boyd@white-george.com,1969-09-06,47949079,Julie,Boyd,False,19690906,True,True,True,True,Boyd_9e514
Logan Watkins,Logan_Watkins@hernandez.com,2000-05-11,87081215,Logan,Watkins,False,20000511,True,True,True,True,Watkins_c9964
Steven Ortiz,Steven_Ortiz@hamilton.com,06-05-1967,15073183,Steven,Ortiz,False,19670506,True,True,True,True,Ortiz_8f14e
Lisa Marquez,Lisa_Marquez@day-smith.com,1971/03/26,18443671,Lisa,Marquez,False,19710326,True,True,True,True,Marquez_7aa36
Jennifer Martin,Jennifer_Martin@moore.com,1983-05-27,83212175,Jennifer,Martin,False,19830527,True,True,True,True,Martin_82381
Arthur Chandler,Arthur_Chandler@martin.com,1961-02-10,18438007,Arthur,Chandler,False,19610210,True,True,True,True,Chandler_4ab75
Ronald Hudson,Ronald_Hudson@carson.com,10-03-1951,66192423,Ronald,Hudson,False,19510310,True,True,True,True,Hudson_31f1d
Jennifer Lee,Jennifer_Lee@guerra-lopez.com,01-04-1950,35305031,Jennifer,Lee,False,19500401,True,True,True,True,Lee_f2321
Gregory Yoder,Gregory_Yoder@robinson-johnson.com,20-06-1953,75705319,Gregory,Yoder,False,19530620,True,True,True,True,Yoder_70108
Carolyn Harmon,Carolyn_Harmon@watts-horn.com,1998-01-24,55977599,Carolyn,Harmon,False,19980124,True,True,True,True,Harmon_69598
Dr. Christopher Harrell,Christopher_Harrell@lindsey.com,1970-06-30,52999479,Christopher,Harrell,False,19700630,True,True,True,True,Harrell_7257b
Kevin Johnson,Kevin_Johnson@rogers.com,1993/08/02,15154639,Kevin,Johnson,False,19930802,True,True,True,True,Johnson_a67f3
Michael Harrison,Michael_Harrison@franklin.com,19-08-1951,29087871,Michael,Harrison,False,19510819,True,True,True,True,Harrison_087c8
Terry Moore,Terry_Moore@barker-ayers.com,15-06-1987,19828167,Terry,Moore,False,19870615,True,True,True,True,Moore_c62aa
James Rogers,James_Rogers@green.net,1993/07/04,65821255,James,Rogers,False,19930704,True,True,True,True,Rogers_656af
Kathleen Tran,Kathleen_Tran@wilson.net,1974-02-11,20044927,Kathleen,Tran,False,19740211,True,True,True,True,Tran_b0eca
Jacqueline Conway,Jacqueline_Conway@robinson-carson.com,1971/06/17,91842383,Jacqueline,Conway,False,19710617,True,True,True,True,Conway_ae427
Maxwell Cole,Maxwell_Cole@larson.com,1951-02-03,41796463,Maxwell,Cole,False,19510203,True,True,True,True,Cole_92aa4
Bethany Williamson,Bethany_Williamson@flores.com,1954/03/10,40227935,Bethany,Williamson,False,19540310,True,True,True,True,Williamson_2b72a
Joseph Wright,Joseph_Wright@powell.net,1957-05-21,40768583,Joseph,Wright,False,19570521,True,True,True,True,Wright_f1b73
Heidi Bolton,Heidi_Bolton@spencer.com,1956-06-16,58079023,Heidi,Bolton,False,19560616,True,True,True,True,Bolton_06e0a
Daniel Lewis,Daniel_Lewis@robertson.com,1977/02/05,48084439,Daniel,Lewis,False,19770205,True,True,True,True,Lewis_e0082
Dale Ramirez,Dale_Ramirez@patton.com,23-03-1955,59875791,Dale,Ramirez,False,19550323,True,True,True,True,Ramirez_63293
Carol Sharp,Carol_Sharp@garcia-lamb.com,03-12-1975,18014567,Carol,Sharp,False,19751203,True,True,True,True,Sharp_19bdd
Joseph Buck,Joseph_Buck@jacobs.com,1952/03/11,34270063,Joseph,Buck,False,19520311,True,True,True,True,Buck_542b9
Lynn Anderson,Lynn_Anderson@williams-carter.com,13-01-1996,75488911,Lynn,Anderson,False,19960113,True,True,True,True,Anderson_542fb
Sarah Harris,Sarah_Harris@thomas-sanchez.com,2001-05-30,52442775,Sarah,Harris,False,20010530,True,True,True,True,Harris_526ca
Victor Owens,Victor_Owens@collins.com,1996-08-15,53064383,Victor,Owens,False,19960815,True,True,True,True,Owens_620f1
Kimberly Koch,Kimberly_Koch@rodriguez.net,25-01-1987,35893839,Kimberly,Koch,False,19870125,True,True,True,True,Koch_43971
Allison Obrien,Allison_Obrien@bailey-sanders.com,1962/04/23,81154631,Allison,Obrien,False,19620423,True,True,True,True,Obrien_00e34
John Rogers,John_Rogers@oneill.com,09-05-1971,21046575,John,Rogers,False,19710509,True,True,True,True,Rogers_83dc9
Janet Collins,Janet_Collins@farrell.com,1984-07-21,89424095,Janet,Collins,False,19840721,True,True,True,True,Collins_120bd
Kristin Lawson,Kristin_Lawson@salinas.com,01-11-1976,36661711,Kristin,Lawson,False,19761101,True,True,True,True,Lawson_a0aec
James Castaneda,James_Castaneda@miller-hart.com,26-01-1964,64715807,James,Castaneda,False,19640126,True,True,True,True,Castaneda_7660a
Robert Ortiz,Robert_Ortiz@saunders-hunter.com,1976/11/08,80296223,Robert,Ortiz,False,19761108,True,True,True,True,Ortiz_66abd
Connie Harper,Connie_Harper@lewis.com,1995/06/27,21369119,Connie,Harper,False,19950627,True,True,True,True,Harper_709ac
Debbie Burns,Debbie_Burns@salinas.com,1983/08/06,95570935,Debbie,Burns,False,19830806,True,True,True,True,Burns_f2b3a
Gabriel Preston,Gabriel_Preston@black.com,20-11-1996,88336263,Gabriel,Preston,False,19961120,True,True,True,True,Preston_b6298
Brandon Orozco,Brandon_Orozco@greene.com,1987-07-17,59988495,Brandon,Orozco,False,19870717,True,True,True,True,Orozco_02d2b
Kari Nguyen,Kari_Nguyen@farley.com,19-11-1999,47980591,Kari,Nguyen,False,19991119,True,True,True,True,Nguyen_6f546
Brittany Hill,Brittany_Hill@rogers-hoffman.com,1987-06-05,90817791,Brittany,Hill,False,19870605,True,True,True,True,Hill_2c87a
Carrie Martinez,Carrie_Martinez@hendrix.com,1974/01/24,96107743,Carrie,Martinez,False,19740124,True,True,True,True,Martinez_a7c33
Linda White,Linda_White@moore.com,1975/10/15,84876711,Linda,White,False,19751015,True,True,True,True,White_e9960
Jake Spencer,Jake_Spencer@murphy.com,2002-05-09,53533879,Jake,Spencer,False,20020509,True,True,True,True,Spencer_c21d7
Joseph Chan,Joseph_Chan@hutchinson-gutierrez.com,1966/09/22,19544079,Joseph,Chan,False,19660922,True,True,True,True,Chan_f9d1e
Kathleen Ali,Kathleen_Ali@horn-rogers.com,1996-06-02,45338687,Kathleen,Ali,False,19960602,True,True,True,True,Ali_a2746
Danielle Stephens,Danielle_Stephens@miller.net,1961/09/29,16838823,Danielle,Stephens,False,19610929,True,True,True,True,Stephens_baaae
Brianna Schaefer,Brianna_Schaefer@nelson-mcmahon.com,12-03-1976,34700887,Brianna,Schaefer,False,19760312,True,True,True,True,Schaefer_ff120
Angela Morris,Angela_Morris@murray.com,07-02-1976,89409391,Angela,Morris,False,19760207,True,True,True,True,Morris_d143a
Jessica Smith,Jessica_Smith@walsh-steele.com,31-05-1951,97984639,Jessica,Smith,False,19510531,True,True,True,True,Smith_69b70
Brenda Long,Brenda_Long@carter.net,1951/09/14,45992583,Brenda,Long,False,19510914,True,True,True,True,Long_f0fca
Megan Taylor,Megan_Taylor@montgomery.com,05-10-1993,12610975,Megan,Taylor,False,19931005,True,True,True,True,Taylor_7a3e1
Kelly Morales,Kelly_Morales@sanchez.com,27-02-1980,44799815,Kelly,Morales,False,19800227,True,True,True,True,Morales_3cabc
Sheri Johnson,Sheri_Johnson@lucas.com,1988/04/22,34118127,Sheri,Johnson,False,19880422,True,True,True,True,Johnson_5c594
Lori Pacheco,Lori_Pacheco@ayala.com,1962-06-30,94662495,Lori,Pacheco,False,19620630,True,True,True,True,Pacheco_7ccf5
Sandra Schmidt,Sandra_Schmidt@herrera.com,1959/07/11,50638143,Sandra,Schmidt,False,19590711,True,True,True,True,Schmidt_be25c
Ms. Rachel Hill,Rachel_Hill@gutierrez.com,12-02-1954,55824367,Ms. Rachel,Hill,False,19540212,True,True,True,True,Hill_bc827
Emily Case,Emily_Case@lewis.com,1985/05/08,90216215,Emily,Case,False,19850508,True,True,True,True,Case_1fe51
Seth Alvarez,Seth_Alvarez@conrad.com,01-08-1980,90929927,Seth,Alvarez,False,19800801,True,True,True,True,Alvarez_f00bd
Jose Reyes,Jose_Reyes@garcia.com,1970-09-29,94563263,Jose,Reyes,False,19700929,True,True,True,True,Reyes_0a636
Zachary Le,Zachary_Le@whitaker.com,1985-10-28,56441999,Zachary,Le,False,19851028,True,True,True,True,Le_44e84
Rhonda Anthony,Rhonda_Anthony@lawson.com,1974-09-15,12850551,Rhonda,Anthony,False,19740915,True,True,True,True,Anthony_91ec3
Joseph Hill,Joseph_Hill@rodriguez-newton.com,2002-09-23,89902687,Joseph,Hill,False,20020923,True,True,True,True,Hill_0d4d9
Erin Davis,Erin_Davis@sanchez.net,1960-09-17,22992863,Erin,Davis,False,19600917,True,True,True,True,Davis_dbcb2
Lucas Brown,Lucas_Brown@miller.com,1989/11/01,34675679,Lucas,Brown,False,19891101,True,True,True,True,Brown_1ebf8
William Garcia,William_Garcia@powell.com,1985-09-12,25729991,William,Garcia,False,19850912,True,True,True,True,Garcia_72e9b
Lauren Swanson,Lauren_Swanson@pena-pierce.com,21-09-1961,85204407,Lauren,Swanson,False,19610921,True,True,True,True,Swanson_b3ea5
John Frank,John_Frank@martin.com,1950/05/19,42691023,John,Frank,False,19500519,True,True,True,True,Frank_4dfb9
Nicole Schmidt,Nicole_Schmidt@stephens.com,1965-11-09,86157423,Nicole,Schmidt,False,19651109,True,True,True,True,Schmidt_54bf2
Nathan Gray,Nathan_Gray@scott-gonzalez.com,1996-06-18,48983767,Nathan,Gray,False,19960618,True,True,True,True,Gray_15cd6
Nichole Delgado,Nichole_Delgado@dixon-cruz.com,1972-03-05,60338223,Nichole,Delgado,False,19720305,True,True,True,True,Delgado_f68ba
Marcus Rodriguez,Marcus_Rodriguez@jones.com,1969/05/11,23424599,Marcus,Rodriguez,False,19690511,True,True,True,True,Rodriguez_3a35b
Samuel Solomon,Samuel_Solomon@wolf.net,30-12-1987,26166751,Samuel,Solomon,False,19871230,True,True,True,True,Solomon_23bae
Katrina Miller,Katrina_Miller@grimes.com,1954-03-08,81240247,Katrina,Miller,False,19540308,True,True,True,True,Miller_5c2c0
Raymond Conner,Raymond_Conner@oneal-johnson.com,28-01-1997,95736583,Raymond,Conner,False,19970128,True,True,True,True,Conner_71970
Lori Fuller,Lori_Fuller@gordon.com,1968-01-01,54288255,Lori,Fuller,False,19680101,True,True,True,True,Fuller_9068b
Corey Wilson,Corey_Wilson@hoover-hernandez.com,1953/10/11,39467535,Corey,Wilson,False,19531011,True,True,True,True,Wilson_da57e
Holly James,Holly_James@macdonald.com,1964/11/04,62732175,Holly,James,False,19641104,True,True,True,True,James_e7a3a
Alicia Mccarty,Alicia_Mccarty@beasley.com,16-09-1982,57669519,Alicia,Mccarty,False,19820916,True,True,True,True,Mccarty_a4b9d
Zoe Christian,Zoe_Christian@grant.com,19-03-1999,22170983,Zoe,Christian,False,19990319,True,True,True,True,Christian_90eb3
Nicholas Watson,Nicholas_Watson@williams.com,1962-04-03,72181751,Nicholas,Watson,False,19620403,True,True,True,True,Watson_61db6
Victoria Wood,Victoria_Wood@proctor-baker.com,1991-06-22,13955959,Victoria,Wood,False,19910622,True,True,True,True,Wood_67f27
Jillian Knight,Jillian_Knight@davenport.com,1988-11-08,20417711,Jillian,Knight,False,19881108,True,True,True,True,Knight_10192
Ryan Fisher,Ryan_Fisher@fletcher.com,30-10-1987,63505855,Ryan,Fisher,False,19871030,True,True,True,True,Fisher_27703
Stephanie Howe,Stephanie_Howe@allen.com,09-05-1963,37283343,Stephanie,Howe,False,19630509,True,True,True,True,Howe_80a05
Kenneth Kim,Kenneth_Kim@duran.com,05-05-1999,37818767,Kenneth,Kim,False,19990505,True,True,True,True,Kim_c0e4a
Andrew Macias,Andrew_Macias@douglas.com,1966-10-13,28232535,Andrew,Macias,False,19661013,True,True,True,True,Macias_a4116
Elizabeth Huffman,Elizabeth_Huffman@zamora.com,1958/09/18,15486151,Elizabeth,Huffman,False,19580918,True,True,True,True,Huffman_fb25a
Christina Stone,Christina_Stone@medina.com,1993-03-20,34449775,Christina,Stone,False,19930320,True,True,True,True,Stone_9ab9f
Alexander Merritt,Alexander_Merritt@butler.net,13-09-1980,33574735,Alexander,Merritt,False,19800913,True,True,True,True,Merritt_696fd
Kelly Sanders,Kelly_Sanders@coleman.com,1952-04-13,29703695,Kelly,Sanders,False,19520413,True,True,True,True,Sanders_e9c2f
Matthew Jones,Matthew_Jones@arnold.com,2000/06/15,98616991,Matthew,Jones,False,20000615,True,True,True,True,Jones_fae51
Sarah David,Sarah_David@collier.net,1998-12-16,97218247,Sarah,David,False,19981216,True,True,True,True,David_39e9f
Carmen Barajas,Carmen_Barajas@smith.com,1981-05-26,34685455,Carmen,Barajas,False,19810526,True,True,True,True,Barajas_62836
Angela Johnson,Angela_Johnson@stewart.com,27-08-1984,62439103,Angela,Johnson,False,19840827,True,True,True,True,Johnson_5dcba
Melissa Sparks,Melissa_Sparks@sanchez-stevenson.com,1993/08/02,27530863,Melissa,Sparks,False,19930802,True,True,True,True,Sparks_a67f3
Katherine Hill,Katherine_Hill@tran.com,1983/09/18,37709951,Katherine,Hill,False,19830918,True,True,True,True,Hill_e971e
Kristin Hart,Kristin_Hart@ortega.com,17-12-1966,36255543,Kristin,Hart,False,19661217,True,True,True,True,Hart_3b264
Jacqueline Ho,Jacqueline_Ho@henry.com,31-01-1961,75359367,Jacqueline,Ho,False,19610131,True,True,True,True,Ho_73551
Michael Knight,Michael_Knight@davidson.com,04-08-1987,71412263,Michael,Knight,False,19870804,True,True,True,True,Knight_d46f2
Heather Arroyo,Heather_Arroyo@martinez.com,1979/07/09,36165719,Heather,Arroyo,False,19790709,True,True,True,True,Arroyo_44022
Lori Larson,Lori_Larson@flowers.com,1963-08-07,38397103,Lori,Larson,False,19630807,True,True,True,True,Larson_06714
David Vazquez,David_Vazquez@davila-beck.com,06-12-1990,57160871,David,Vazquez,False,19901206,True,True,True,True,Vazquez_73e4f
Sherry Hicks,Sherry_Hicks@stout-nicholson.com,27-11-1961,12514111,Sherry,Hicks,False,19611127,True,True,True,True,Hicks_5e5f2
Sarah Davila,Sarah_Davila@nash.com,1979/09/06,46685303,Sarah,Davila,False,19790906,True,True,True,True,Davila_1977b
Karen Oneill,Karen_Oneill@gomez.com,1992/10/04,72265879,Karen,Oneill,False,19921004,True,True,True,True,Oneill_7278c
Nicholas Mills,Nicholas_Mills@williams.com,1963-10-01,68844231,Nicholas,Mills,False,19631001,True,True,True,True,Mills_f511a
Jennifer Montgomery,Jennifer_Montgomery@estrada-cole.com,1971/07/15,53834071,Jennifer,Montgomery,False,19710715,True,True,True,True,Montgomery_1a334
Cynthia Bailey,Cynthia_Bailey@oneill.com,1979-08-25,48942719,Cynthia,Bailey,False,19790825,True,True,True,True,Bailey_13beb
John Wright,John_Wright@harris.com,1983/10/19,96650335,John,Wright,False,19831019,True,True,True,True,Wright_fefcf
Sheila Brown,Sheila_Brown@stevens-edwards.com,1982-11-28,32490999,Sheila,Brown,False,19821128,True,True,True,True,Brown_565a7
Lisa Moore,Lisa_Moore@ramos.com,19-11-1994,99493567,Lisa,Moore,False,19941119,True,True,True,True,Moore_a6529
Julian Newman,Julian_Newman@haynes.com,1958-03-13,49873159,Julian,Newman,False,19580313,True,True,True,True,Newman_15a27
Thomas Ferguson,Thomas_Ferguson@guzman.com,1959/12/13,28787319,Thomas,Ferguson,False,19591213,True,True,True,True,Ferguson_fb458
Lauren Rodriguez,Lauren_Rodriguez@soto.com,1993/10/16,27106623,Lauren,Rodriguez,False,19931016,True,True,True,True,Rodriguez_a9b99
Richard Anderson,Richard_Anderson@white.com,06-07-1958,66751511,Richard,Anderson,False,19580706,True,True,True,True,Anderson_76323
Jessica Lee,Jessica_Lee@brown-baxter.com,1967/01/24,89410823,Jessica,Lee,False,19670124,True,True,True,True,Lee_7f12f
Martin Allen,Martin_Allen@steele.com,24-09-2002,99969439,Martin,Allen,False,20020924,True,True,True,True,Allen_7a4f2
Angela Mitchell,Angela_Mitchell@moreno-evans.com,1969-01-05,50190223,Angela,Mitchell,False,19690105,True,True,True,True,Mitchell_06d3f
Derrick Sanchez,Derrick_Sanchez@mitchell.com,1970/04/24,97980535,Derrick,Sanchez,False,19700424,True,True,True,True,Sanchez_9f266
Christine Ellis,Christine_Ellis@blackwell.com,1998/06/17,69393823,Christine,Ellis,False,19980617,True,True,True,True,Ellis_b9ff0
Alyssa Salinas,Alyssa_Salinas@robbins.com,07-10-1998,41363847,Alyssa,Salinas,False,19981007,True,True,True,True,Salinas_4cb46
Mr. Kevin Walsh,Kevin_Walsh@hamilton.net,1992/08/05,63251375,Kevin,Walsh,False,19920805,True,True,True,True,Walsh_8cd29
Kenneth Knox,Kenneth_Knox@zamora.com,1999-06-26,47904991,Kenneth,Knox,False,19990626,True,True,True,True,Knox_d64ed
Steve Mitchell,Steve_Mitchell@adkins-russell.com,27-10-1975,98789479,Steve,Mitchell,False,19751027,True,True,True,True,Mitchell_1bdd4
Craig Hendricks,Craig_Hendricks@garcia-higgins.com,1995/10/18,51721063,Craig,Hendricks,False,19951018,True,True,True,True,Hendricks_a352c
Ricky Kerr,Ricky_Kerr@gonzalez-martinez.com,25-06-1951,43238807,Ricky,Kerr,False,19510625,True,True,True,True,Kerr_a02d8
Gloria Aguilar,Gloria_Aguilar@dorsey-donaldson.com,1969-06-06,69773231,Gloria,Aguilar,False,19690606,True,True,True,True,Aguilar_d3661
Alexander Knight,Alexander_Knight@doyle.com,1974-08-12,41639975,Alexander,Knight,False,19740812,True,True,True,True,Knight_7e064
Joseph Cross,Joseph_Cross@mason-shaw.net,1953-01-26,35750023,Joseph,Cross,False,19530126,True,True,True,True,Cross_36c08
Dr. Joel Myers PhD,Joel_Myers@smith-willis.net,1972/09/20,49665991,Joel Myers,PhD,False,19720920,True,True,True,True,PhD_1466d
Michael Mckee,Michael_Mckee@gordon.com,2000/09/17,87409327,Michael,Mckee,False,20000917,True,True,True,True,Mckee_92c0e
Roy Park,Roy_Park@rodriguez-west.com,29-10-1955,69451423,Roy,Park,False,19551029,True,True,True,True,Park_a639e
Jonathan Castro,Jonathan_Castro@sandoval.com,1970-04-09,95059239,Jonathan,Castro,False,19700409,True,True,True,True,Castro_49d90
Richard Carroll,Richard_Carroll@massey-gardner.com,26-05-1961,61422551,Richard,Carroll,False,19610526,True,True,True,True,Carroll_78391
Michelle Fletcher,Michelle_Fletcher@anderson.com,1983-10-24,15665159,Michelle,Fletcher,False,19831024,True,True,True,True,Fletcher_e6fff
Carol Murphy,Carol_Murphy@lowe.com,1964/03/17,54241135,Carol,Murphy,False,19640317,True,True,True,True,Murphy_ecd95
Michael Russell,Michael_Russell@orozco.com,1968-03-08,24280095,Michael,Russell,False,19680308,True,True,True,True,Russell_203e4
Shawna Andrews,Shawna_Andrews@freeman.com,15-11-1998,12022295,Shawna,Andrews,False,19981115,True,True,True,True,Andrews_776f9
Dana Hernandez,Dana_Hernandez@jackson.com,1994-01-26,50236391,Dana,Hernandez,False,19940126,True,True,True,True,Hernandez_3d7b1
Lauren Harris,Lauren_Harris@long.com,1978-08-11,42605007,Lauren,Harris,False,19780811,True,True,True,True,Harris_e20bd
John Mendoza,John_Mendoza@mahoney.com,19-05-1985,85845135,John,Mendoza,False,19850519,True,True,True,True,Mendoza_fa60d
Wendy Smith,Wendy_Smith@smith-webb.com,28-01-1970,60349279,Wendy,Smith,False,19700128,True,True,True,True,Smith_85c0b
Leslie Diaz,Leslie_Diaz@thomas-shelton.com,1957-04-30,57506727,Leslie,Diaz,False,19570430,True,True,True,True,Diaz_0bd1d
Grant Snyder,Grant_Snyder@gonzales.com,1973/10/31,23872143,Grant,Snyder,False,19731031,True,True,True,True,Snyder_d3f05
Brandi Jenkins,Brandi_Jenkins@miller.com,28-12-1965,79308567,Brandi,Jenkins,False,19651228,True,True,True,True,Jenkins_27fe6
Amy Haynes,Amy_Haynes@levy.com,1960-03-14,41563455,Amy,Haynes,False,19600314,True,True,True,True,Haynes_18bc2
John Roberts,John_Roberts@hendricks.com,15-03-1954,16513279,John,Roberts,False,19540315,True,True,True,True,Roberts_d606a
Carrie Nelson,Carrie_Nelson@archer-murphy.com,1951-06-09,49242255,Carrie,Nelson,False,19510609,True,True,True,True,Nelson_fde1d
Jacob Hood,Jacob_Hood@evans.com,1956-02-08,24204143,Jacob,Hood,False,19560208,True,True,True,True,Hood_bb6b9
Tracy Charles,Tracy_Charles@rowe.com,1993/11/08,62200511,Tracy,Charles,False,19931108,True,True,True,True,Charles_02485
Brandon Johnson,Brandon_Johnson@ramirez.com,10-03-1985,60862935,Brandon,Johnson,False,19850310,True,True,True,True,Johnson_56e3d
Wendy Nelson,Wendy_Nelson@day.com,1965-01-08,59119063,Wendy,Nelson,False,19650108,True,True,True,True,Nelson_f7fc3
Jasmine Ramsey,Jasmine_Ramsey@jackson.com,1950/04/07,16447279,Jasmine,Ramsey,False,19500407,True,True,True,True,Ramsey_843ef
William Beltran,William_Beltran@bean.com,1985/03/13,16495975,William,Beltran,False,19850313,True,True,True,True,Beltran_b42ac
Gerald Stuart,Gerald_Stuart@strong.net,08-10-1995,98421991,Gerald,Stuart,False,19951008,True,True,True,True,Stuart_08df4
Jacob Vaughan,Jacob_Vaughan@martinez.com,1983-09-08,69615007,Jacob,Vaughan,False,19830908,True,True,True,True,Vaughan_40056
Matthew Fuentes,Matthew_Fuentes@miranda.com,1966/03/29,33411447,Matthew,Fuentes,False,19660329,True,True,True,True,Fuentes_0598c
April Carpenter,April_Carpenter@page.com,29-09-1971,97274415,April,Carpenter,False,19710929,True,True,True,True,Carpenter_4acee
Rachel Garcia,Rachel_Garcia@neal.com,21-10-1996,87786127,Rachel,Garcia,False,19961021,True,True,True,True,Garcia_d383b
Patrick Madden,Patrick_Madden@sanders.com,1994/11/01,35389647,Patrick,Madden,False,19941101,True,True,True,True,Madden_d8100
Angela Myers,Angela_Myers@rodriguez.com,1974/01/26,59457063,Angela,Myers,False,19740126,True,True,True,True,Myers_96365
Wayne Baker,Wayne_Baker@brown.com,1967/12/27,92067207,Wayne,Baker,False,19671227,True,True,True,True,Baker_726e6
Haley Cox,Haley_Cox@lewis.com,1964/10/01,27911351,Haley,Cox,False,19641001,True,True,True,True,Cox_c2d50
Dan Sanders,Dan_Sanders@klein-hernandez.com,1950-08-13,30043759,Dan,Sanders,False,19500813,True,True,True,True,Sanders_65a5d
Thomas Fisher,Thomas_Fisher@phillips.com,15-04-1985,99090999,Thomas,Fisher,False,19850415,True,True,True,True,Fisher_cd40a
Taylor Lopez,Taylor_Lopez@jones-salazar.com,1957/05/22,17889439,Taylor,Lopez,False,19570522,True,True,True,True,Lopez_d2a7d
Jeffrey Macias,Jeffrey_Macias@cox.com,03-10-1990,98485783,Jeffrey,Macias,False,19901003,True,True,True,True,Macias_b438f
Brian Drake,Brian_Drake@hurst-price.net,11-02-1962,83466007,Brian,Drake,False,19620211,True,True,True,True,Drake_a32f0
Timothy Jordan,Timothy_Jordan@young.com,28-12-1999,77411263,Timothy,Jordan,False,19991228,True,True,True,True,Jordan_26d57
Kathy Leblanc,Kathy_Leblanc@warren-gray.com,1981-02-27,69067343,Kathy,Leblanc,False,19810227,True,True,True,True,Leblanc_25e89
William Floyd,William_Floyd@duran.com,1972/07/13,27758191,William,Floyd,False,19720713,True,True,True,True,Floyd_ee7c0
Angela Hayden,Angela_Hayden@barry.net,23-06-1996,28574351,Angela,Hayden,False,19960623,True,True,True,True,Hayden_44dbe
Renee Hodges,Renee_Hodges@hamilton.com,1987/12/28,63899519,Renee,Hodges,False,19871228,True,True,True,True,Hodges_c3205
Samantha Miller,Samantha_Miller@mcmahon.com,1965/04/06,41451647,Samantha,Miller,False,19650406,True,True,True,True,Miller_b1a7b
Lauren Orozco,Lauren_Orozco@sanchez.com,26-01-2000,71540231,Lauren,Orozco,False,20000126,True,True,True,True,Orozco_32e5d
April Owen,April_Owen@sanchez.com,1967/09/23,16552967,April,Owen,False,19670923,True,True,True,True,Owen_1c1c8
Mr. Evan Russell,Evan_Russell@ferguson.net,20-01-1959,75209343,Evan,Russell,False,19590120,True,True,True,True,Russell_eeae9
Brent Castaneda,Brent_Castaneda@garcia.com,1958/03/07,80875871,Brent,Castaneda,False,19580307,True,True,True,True,Castaneda_1e9a5
Gregory Peters,Gregory_Peters@ray.net,1990-09-02,78256247,Gregory,Peters,False,19900902,True,True,True,True,Peters_62c2d
Matthew Salazar,Matthew_Salazar@jones-jones.com,1999/12/11,50895327,Matthew,Salazar,False,19991211,True,True,True,True,Salazar_8a391
Natasha Martinez,Natasha_Martinez@west.com,1968-04-18,55194439,Natasha,Martinez,False,19680418,True,True,True,True,Martinez_fa7cb
Charles Powell,Charles_Powell@knight.com,1997-09-06,47215879,Charles,Powell,False,19970906,True,True,True,True,Powell_89e26
Brian Powell,Brian_Powell@hernandez.com,15-11-1959,67153775,Brian,Powell,False,19591115,True,True,True,True,Powell_c3379
Laura Sandoval,Laura_Sandoval@brown.com,13-09-1986,17475623,Laura,Sandoval,False,19860913,True,True,True,True,Sandoval_6592d
Mr. Charles Gonzalez,Charles_Gonzalez@navarro.com,04-04-1971,94465511,Charles,Gonzalez,False,19710404,True,True,True,True,Gonzalez_bc4a4
Nicholas Caldwell,Nicholas_Caldwell@hurley-bass.com,1977-07-14,42525999,Nicholas,Caldwell,False,19770714,True,True,True,True,Caldwell_92d76
Brian Wyatt,Brian_Wyatt@wright-young.com,1958-12-11,63631399,Brian,Wyatt,False,19581211,True,True,True,True,Wyatt_ac546
Ryan Garcia,Ryan_Garcia@vazquez-wells.com,1993/08/15,26856535,Ryan,Garcia,False,19930815,True,True,True,True,Garcia_a540e
Megan Anderson,Megan_Anderson@wilson-murillo.com,1970-07-29,21736903,Megan,Anderson,False,19700729,True,True,True,True,Anderson_a86c0
Pamela Hughes,Pamela_Hughes@charles-costa.com,1987-06-13,40181295,Pamela,Hughes,False,19870613,True,True,True,True,Hughes_5403f
Tiffany Scott,Tiffany_Scott@davis.com,1986-11-10,76272207,Tiffany,Scott,False,19861110,True,True,True,True,Scott_af31d
Stanley Conway,Stanley_Conway@adams.com,1985/09/05,71853567,Stanley,Conway,False,19850905,True,True,True,True,Conway_b17c3
Yolanda Petty,Yolanda_Petty@dunlap-brown.com,25-01-1991,69674519,Yolanda,Petty,False,19910125,True,True,True,True,Petty_89b4f
Tara Jones,Tara_Jones@blankenship.net,1985/03/03,49275455,Tara,Jones,False,19850303,True,True,True,True,Jones_7290c
George Williams,George_Williams@patton.com,1981/03/19,69991287,George,Williams,False,19810319,True,True,True,True,Williams_c20d3
Lori Allen,Lori_Allen@valdez-phillips.com,2002-09-16,28175727,Lori,Allen,False,20020916,True,True,True,True,Allen_8c000
Charles Kelly,Charles_Kelly@dalton.com,1969/04/01,62777351,Charles,Kelly,False,19690401,True,True,True,True,Kelly_0c61d
Jonathan Villa,Jonathan_Villa@suarez.com,1975-12-03,80471287,Jonathan,Villa,False,19751203,True,True,True,True,Villa_19bdd
Cindy Jackson,Cindy_Jackson@garcia-burch.com,1967-07-27,60954247,Cindy,Jackson,False,19670727,True,True,True,True,Jackson_40b1b
Scott Williams,Scott_Williams@keller-wong.com,03-08-1980,85799255,Scott,Williams,False,19800803,True,True,True,True,Williams_09feb
Dylan Hernandez,Dylan_Hernandez@singleton-johnson.com,1995-03-01,31405951,Dylan,Hernandez,False,19950301,True,True,True,True,Hernandez_04544
Michelle Garcia,Michelle_Garcia@lynch.com,1980-10-17,52895823,Michelle,Garcia,False,19801017,True,True,True,True,Garcia_6967c
Matthew Bailey,Matthew_Bailey@benjamin.com,28-07-1987,39436023,Matthew,Bailey,False,19870728,True,True,True,True,Bailey_255ab
Curtis Flynn,Curtis_Flynn@cook-drake.com,26-09-1978,58787463,Curtis,Flynn,False,19780926,True,True,True,True,Flynn_066c3
Thomas Perez,Thomas_Perez@greene-lopez.com,1963/02/20,96377439,Thomas,Perez,False,19630220,True,True,True,True,Perez_7a5c3
Sheri Kline,Sheri_Kline@hinton.com,1994-06-09,33546343,Sheri,Kline,False,19940609,True,True,True,True,Kline_e724e
Mr. Jeff Baker,Jeff_Baker@bentley.com,24-04-1967,57871767,Jeff,Baker,False,19670424,True,True,True,True,Baker_4cd37
Shannon Thomas,Shannon_Thomas@dawson-alexander.com,1968-09-03,18892279,Shannon,Thomas,False,19680903,True,True,True,True,Thomas_2a3b9
Jeffrey Murray,Jeffrey_Murray@jones.net,21-12-1982,27473887,Jeffrey,Murray,False,19821221,True,True,True,True,Murray_8d3f7
Kristin Wagner,Kristin_Wagner@clayton.com,1997/01/29,66045343,Kristin,Wagner,False,19970129,True,True,True,True,Wagner_83f4e
Nicole Shea,Nicole_Shea@mcclure.com,1956-01-02,28795599,Nicole,Shea,False,19560102,True,True,True,True,Shea_abeb3
